,value,unit
lat_const,6.3374999999999995,a0
e_fermi,0.982806,Ry
e_tot,-11583.69795747,Ry
